1449050400,2015-12-02 05:00:00,-0.016000000
1449050460,2015-12-02 05:01:00,-0.016083333
1449050520,2015-12-02 05:02:00,-0.016050000
1449050580,2015-12-02 05:03:00,-0.016033333
1449050640,2015-12-02 05:04:00,-0.016000000
1449050700,2015-12-02 05:05:00,-0.016050000
1449050760,2015-12-02 05:06:00,-0.016000000
1449050820,2015-12-02 05:07:00,-0.016016667
1449050880,2015-12-02 05:08:00,-0.015966667
1449050940,2015-12-02 05:09:00,-0.015966667
1449051000,2015-12-02 05:10:00,-0.015950000
1449051060,2015-12-02 05:11:00,-0.015966667
1449051120,2015-12-02 05:12:00,-0.015950000
1449051180,2015-12-02 05:13:00,-0.015933333
1449051240,2015-12-02 05:14:00,-0.015716667
1449051300,2015-12-02 05:15:00,-0.015216667
1449051360,2015-12-02 05:16:00,-0.015250000
1449051420,2015-12-02 05:17:00,-0.015183333
1449051480,2015-12-02 05:18:00,-0.015416667
1449051540,2015-12-02 05:19:00,-0.015450000
1449051600,2015-12-02 05:20:00,-0.015483333
1449051660,2015-12-02 05:21:00,-0.015500000
1449051720,2015-12-02 05:22:00,-0.015583333
1449051780,2015-12-02 05:23:00,-0.015600000
1449051840,2015-12-02 05:24:00,-0.015733333
1449051900,2015-12-02 05:25:00,-0.015783333
1449051960,2015-12-02 05:26:00,-0.015816667
1449052020,2015-12-02 05:27:00,-0.015850000
1449052080,2015-12-02 05:28:00,-0.015916667
1449052140,2015-12-02 05:29:00,-0.015950000
1449052200,2015-12-02 05:30:00,-0.015783333
1449052260,2015-12-02 05:31:00,-0.015633333
1449052320,2015-12-02 05:32:00,-0.015666667
1449052380,2015-12-02 05:33:00,-0.015716667
1449052440,2015-12-02 05:34:00,-0.015700000
1449052500,2015-12-02 05:35:00,-0.015766667
1449052560,2015-12-02 05:36:00,-0.015866667
1449052620,2015-12-02 05:37:00,-0.015800000
1449052680,2015-12-02 05:38:00,-0.015833333
1449052740,2015-12-02 05:39:00,-0.015816667
1449052800,2015-12-02 05:40:00,-0.015800000
1449052860,2015-12-02 05:41:00,-0.015916667
1449052920,2015-12-02 05:42:00,-0.015783333
1449052980,2015-12-02 05:43:00,-0.015800000
1449053040,2015-12-02 05:44:00,-0.015866667
1449053100,2015-12-02 05:45:00,-0.015666667
1449053160,2015-12-02 05:46:00,-0.015200000
1449053220,2015-12-02 05:47:00,-0.015150000
1449053280,2015-12-02 05:48:00,-0.015116667
1449053340,2015-12-02 05:49:00,-0.015166667
1449053400,2015-12-02 05:50:00,-0.015266667
1449053460,2015-12-02 05:51:00,-0.015366667
1449053520,2015-12-02 05:52:00,-0.015366667
1449053580,2015-12-02 05:53:00,-0.015533333
1449053640,2015-12-02 05:54:00,-0.015683333
1449053700,2015-12-02 05:55:00,-0.015766667
1449053760,2015-12-02 05:56:00,-0.015766667
1449053820,2015-12-02 05:57:00,-0.015816667
1449053880,2015-12-02 05:58:00,-0.015800000
1449053940,2015-12-02 05:59:00,-0.015783333
1449054000,2015-12-02 06:00:00,-0.015850000
1449054060,2015-12-02 06:01:00,-0.015716667
1449054120,2015-12-02 06:02:00,-0.015800000
1449054180,2015-12-02 06:03:00,-0.015800000
1449054240,2015-12-02 06:04:00,-0.015816667
1449054300,2015-12-02 06:05:00,-0.015700000
1449054360,2015-12-02 06:06:00,-0.015733333
1449054420,2015-12-02 06:07:00,-0.015833333
1449054480,2015-12-02 06:08:00,-0.015933333
1449054540,2015-12-02 06:09:00,-0.015966667
1449054600,2015-12-02 06:10:00,-0.015833333
1449054660,2015-12-02 06:11:00,-0.015866667
1449054720,2015-12-02 06:12:00,-0.015850000
1449054780,2015-12-02 06:13:00,-0.015816667
1449054840,2015-12-02 06:14:00,-0.015800000
1449054900,2015-12-02 06:15:00,-0.015916667
1449054960,2015-12-02 06:16:00,-0.015866667
1449055020,2015-12-02 06:17:00,-0.015350000
1449055080,2015-12-02 06:18:00,-0.015400000
1449055140,2015-12-02 06:19:00,-0.015333333
1449055200,2015-12-02 06:20:00,-0.015400000
1449055260,2015-12-02 06:21:00,-0.015550000
1449055320,2015-12-02 06:22:00,-0.015533333
1449055380,2015-12-02 06:23:00,-0.015433333
1449055440,2015-12-02 06:24:00,-0.015383333
1449055500,2015-12-02 06:25:00,-0.015466667
1449055560,2015-12-02 06:26:00,-0.015683333
1449055620,2015-12-02 06:27:00,-0.015666667
1449055680,2015-12-02 06:28:00,-0.015700000
1449055740,2015-12-02 06:29:00,-0.015700000
1449055800,2015-12-02 06:30:00,-0.015733333
1449055860,2015-12-02 06:31:00,-0.015700000
1449055920,2015-12-02 06:32:00,-0.015716667
1449055980,2015-12-02 06:33:00,-0.015716667
1449056040,2015-12-02 06:34:00,-0.015783333
1449056100,2015-12-02 06:35:00,-0.015816667
1449056160,2015-12-02 06:36:00,-0.015950000
1449056220,2015-12-02 06:37:00,-0.016000000
1449056280,2015-12-02 06:38:00,-0.015816667
1449056340,2015-12-02 06:39:00,-0.015783333
1449056400,2015-12-02 06:40:00,-0.015716667
1449056460,2015-12-02 06:41:00,-0.015633333
1449056520,2015-12-02 06:42:00,-0.015683333
1449056580,2015-12-02 06:43:00,-0.015666667
1449056640,2015-12-02 06:44:00,-0.015750000
1449056700,2015-12-02 06:45:00,-0.015716667
1449056760,2015-12-02 06:46:00,-0.015800000
1449056820,2015-12-02 06:47:00,-0.015833333
1449056880,2015-12-02 06:48:00,-0.015350000
1449056940,2015-12-02 06:49:00,-0.015300000
1449057000,2015-12-02 06:50:00,-0.015300000
1449057060,2015-12-02 06:51:00,-0.015383333
1449057120,2015-12-02 06:52:00,-0.015600000
1449057180,2015-12-02 06:53:00,-0.015550000
1449057240,2015-12-02 06:54:00,-0.015583333
1449057300,2015-12-02 06:55:00,-0.015633333
1449057360,2015-12-02 06:56:00,-0.015600000
1449057420,2015-12-02 06:57:00,-0.015716667
1449057480,2015-12-02 06:58:00,-0.015700000
1449057540,2015-12-02 06:59:00,-0.015433333
1449057600,2015-12-02 07:00:00,-0.015350000
1449057660,2015-12-02 07:01:00,-0.015483333
1449057720,2015-12-02 07:02:00,-0.015350000
1449057780,2015-12-02 07:03:00,-0.015433333
1449057840,2015-12-02 07:04:00,-0.015566667
1449057900,2015-12-02 07:05:00,-0.015400000
1449057960,2015-12-02 07:06:00,-0.015450000
1449058020,2015-12-02 07:07:00,-0.015566667
1449058080,2015-12-02 07:08:00,-0.015516667
1449058140,2015-12-02 07:09:00,-0.015516667
1449058200,2015-12-02 07:10:00,-0.015466667
1449058260,2015-12-02 07:11:00,-0.015466667
1449058320,2015-12-02 07:12:00,-0.015450000
1449058380,2015-12-02 07:13:00,-0.015283333
1449058440,2015-12-02 07:14:00,-0.015350000
1449058500,2015-12-02 07:15:00,-0.015300000
1449058560,2015-12-02 07:16:00,-0.015300000
1449058620,2015-12-02 07:17:00,-0.015333333
1449058680,2015-12-02 07:18:00,-0.015500000
1449058740,2015-12-02 07:19:00,-0.015416667
1449058800,2015-12-02 07:20:00,-0.014900000
1449058860,2015-12-02 07:21:00,-0.014950000
1449058920,2015-12-02 07:22:00,-0.014933333
1449058980,2015-12-02 07:23:00,-0.015116667
1449059040,2015-12-02 07:24:00,-0.015683333
1449059100,2015-12-02 07:25:00,-0.015716667
1449059160,2015-12-02 07:26:00,-0.015716667
1449059220,2015-12-02 07:27:00,-0.015666667
1449059280,2015-12-02 07:28:00,-0.015416667
1449059340,2015-12-02 07:29:00,-0.015350000
1449059400,2015-12-02 07:30:00,-0.015366667
1449059460,2015-12-02 07:31:00,-0.015350000
1449059520,2015-12-02 07:32:00,-0.015400000
1449059580,2015-12-02 07:33:00,-0.015283333
1449059640,2015-12-02 07:34:00,-0.015350000
1449059700,2015-12-02 07:35:00,-0.015350000
1449059760,2015-12-02 07:36:00,-0.015383333
1449059820,2015-12-02 07:37:00,-0.015416667
1449059880,2015-12-02 07:38:00,-0.015400000
1449059940,2015-12-02 07:39:00,-0.015383333
1449060000,2015-12-02 07:40:00,-0.015333333
1449060060,2015-12-02 07:41:00,-0.015350000
1449060120,2015-12-02 07:42:00,-0.015350000
1449060180,2015-12-02 07:43:00,-0.015300000
1449060240,2015-12-02 07:44:00,-0.015283333
1449060300,2015-12-02 07:45:00,-0.015200000
1449060360,2015-12-02 07:46:00,-0.015233333
1449060420,2015-12-02 07:47:00,-0.015250000
1449060480,2015-12-02 07:48:00,-0.015116667
1449060540,2015-12-02 07:49:00,-0.015266667
1449060600,2015-12-02 07:50:00,-0.015316667
1449060660,2015-12-02 07:51:00,-0.015116667
1449060720,2015-12-02 07:52:00,-0.014800000
1449060780,2015-12-02 07:53:00,-0.014733333
1449060840,2015-12-02 07:54:00,-0.015066667
1449060900,2015-12-02 07:55:00,-0.015316667
1449060960,2015-12-02 07:56:00,-0.015450000
1449061020,2015-12-02 07:57:00,-0.015433333
1449061080,2015-12-02 07:58:00,-0.015250000
1449061140,2015-12-02 07:59:00,-0.014900000
1449061200,2015-12-02 08:00:00,-0.014850000
1449061260,2015-12-02 08:01:00,-0.015116667
1449061320,2015-12-02 08:02:00,-0.015216667
1449061380,2015-12-02 08:03:00,-0.015316667
1449061440,2015-12-02 08:04:00,-0.015250000
1449061500,2015-12-02 08:05:00,-0.015266667
1449061560,2015-12-02 08:06:00,-0.015450000
1449061620,2015-12-02 08:07:00,-0.015616667
1449061680,2015-12-02 08:08:00,-0.015666667
1449061740,2015-12-02 08:09:00,-0.015550000
1449061800,2015-12-02 08:10:00,-0.015583333
1449061860,2015-12-02 08:11:00,-0.015583333
1449061920,2015-12-02 08:12:00,-0.015433333
1449061980,2015-12-02 08:13:00,-0.015483333
1449062040,2015-12-02 08:14:00,-0.015566667
1449062100,2015-12-02 08:15:00,-0.015450000
1449062160,2015-12-02 08:16:00,-0.015350000
1449062220,2015-12-02 08:17:00,-0.015366667
1449062280,2015-12-02 08:18:00,-0.015233333
1449062340,2015-12-02 08:19:00,-0.015100000
1449062400,2015-12-02 08:20:00,-0.015350000
1449062460,2015-12-02 08:21:00,-0.015366667
1449062520,2015-12-02 08:22:00,-0.015400000
1449062580,2015-12-02 08:23:00,-0.015133333
1449062640,2015-12-02 08:24:00,-0.014966667
1449062700,2015-12-02 08:25:00,-0.015266667
1449062760,2015-12-02 08:26:00,-0.015233333
1449062820,2015-12-02 08:27:00,-0.015450000
1449062880,2015-12-02 08:28:00,-0.015366667
1449062940,2015-12-02 08:29:00,-0.015050000
1449063000,2015-12-02 08:30:00,-0.015016667
1449063060,2015-12-02 08:31:00,-0.014933333
1449063120,2015-12-02 08:32:00,-0.015200000
1449063180,2015-12-02 08:33:00,-0.015166667
1449063240,2015-12-02 08:34:00,-0.015066667
1449063300,2015-12-02 08:35:00,-0.015116667
1449063360,2015-12-02 08:36:00,-0.014983333
1449063420,2015-12-02 08:37:00,-0.015166667
1449063480,2015-12-02 08:38:00,-0.015283333
1449063540,2015-12-02 08:39:00,-0.015400000
1449063600,2015-12-02 08:40:00,-0.015350000
1449063660,2015-12-02 08:41:00,-0.015366667
1449063720,2015-12-02 08:42:00,-0.015366667
1449063780,2015-12-02 08:43:00,-0.015350000
1449063840,2015-12-02 08:44:00,-0.015283333
1449063900,2015-12-02 08:45:00,-0.015233333
1449063960,2015-12-02 08:46:00,-0.015233333
1449064020,2015-12-02 08:47:00,-0.015300000
1449064080,2015-12-02 08:48:00,-0.015283333
1449064140,2015-12-02 08:49:00,-0.015216667
1449064200,2015-12-02 08:50:00,-0.015133333
1449064260,2015-12-02 08:51:00,-0.015150000
1449064320,2015-12-02 08:52:00,-0.015150000
1449064380,2015-12-02 08:53:00,-0.015150000
1449064440,2015-12-02 08:54:00,-0.015166667
1449064500,2015-12-02 08:55:00,-0.015583333
1449064560,2015-12-02 08:56:00,-0.015066667
1449064620,2015-12-02 08:57:00,-0.015033333
1449064680,2015-12-02 08:58:00,-0.014900000
1449064740,2015-12-02 08:59:00,-0.014500000
1449064800,2015-12-02 09:00:00,-0.013733333
1449064860,2015-12-02 09:01:00,-0.013483333
1449064920,2015-12-02 09:02:00,-0.014016667
1449064980,2015-12-02 09:03:00,-0.014583333
1449065040,2015-12-02 09:04:00,-0.014650000
1449065100,2015-12-02 09:05:00,-0.014816667
1449065160,2015-12-02 09:06:00,-0.014716667
1449065220,2015-12-02 09:07:00,-0.014800000
1449065280,2015-12-02 09:08:00,-0.014850000
1449065340,2015-12-02 09:09:00,-0.014900000
1449065400,2015-12-02 09:10:00,-0.014983333
1449065460,2015-12-02 09:11:00,-0.014833333
1449065520,2015-12-02 09:12:00,-0.015066667
1449065580,2015-12-02 09:13:00,-0.015033333
1449065640,2015-12-02 09:14:00,-0.015016667
1449065700,2015-12-02 09:15:00,-0.015083333
1449065760,2015-12-02 09:16:00,-0.015066667
1449065820,2015-12-02 09:17:00,-0.015266667
1449065880,2015-12-02 09:18:00,-0.015116667
1449065940,2015-12-02 09:19:00,-0.015000000
1449066000,2015-12-02 09:20:00,-0.015000000
1449066060,2015-12-02 09:21:00,-0.014933333
1449066120,2015-12-02 09:22:00,-0.015000000
1449066180,2015-12-02 09:23:00,-0.014966667
1449066240,2015-12-02 09:24:00,-0.015100000
1449066300,2015-12-02 09:25:00,-0.015266667
1449066360,2015-12-02 09:26:00,-0.015116667
1449066420,2015-12-02 09:27:00,-0.015100000
1449066480,2015-12-02 09:28:00,-0.014550000
1449066540,2015-12-02 09:29:00,-0.014616667
1449066600,2015-12-02 09:30:00,-0.014600000
1449066660,2015-12-02 09:31:00,-0.014566667
1449066720,2015-12-02 09:32:00,-0.014750000
1449066780,2015-12-02 09:33:00,-0.014650000
1449066840,2015-12-02 09:34:00,-0.014616667
1449066900,2015-12-02 09:35:00,-0.014666667
1449066960,2015-12-02 09:36:00,-0.014683333
1449067020,2015-12-02 09:37:00,-0.014733333
1449067080,2015-12-02 09:38:00,-0.014883333
1449067140,2015-12-02 09:39:00,-0.014833333
1449067200,2015-12-02 09:40:00,-0.014850000
1449067260,2015-12-02 09:41:00,-0.014650000
1449067320,2015-12-02 09:42:00,-0.014916667
1449067380,2015-12-02 09:43:00,-0.014933333
1449067440,2015-12-02 09:44:00,-0.014866667
1449067500,2015-12-02 09:45:00,-0.014833333
1449067560,2015-12-02 09:46:00,-0.015066667
1449067620,2015-12-02 09:47:00,-0.015316667
1449067680,2015-12-02 09:48:00,-0.015183333
1449067740,2015-12-02 09:49:00,-0.015183333
1449067800,2015-12-02 09:50:00,-0.015116667
1449067860,2015-12-02 09:51:00,-0.015133333
1449067920,2015-12-02 09:52:00,-0.015116667
1449067980,2015-12-02 09:53:00,-0.015100000
1449068040,2015-12-02 09:54:00,-0.015183333
1449068100,2015-12-02 09:55:00,-0.014933333
1449068160,2015-12-02 09:56:00,-0.014933333
1449068220,2015-12-02 09:57:00,-0.014900000
1449068280,2015-12-02 09:58:00,-0.014633333
1449068340,2015-12-02 09:59:00,-0.014500000
1449068400,2015-12-02 10:00:00,-0.014466667
1449068460,2015-12-02 10:01:00,-0.014366667
1449068520,2015-12-02 10:02:00,-0.014333333
1449068580,2015-12-02 10:03:00,-0.014283333
1449068640,2015-12-02 10:04:00,-0.014533333
1449068700,2015-12-02 10:05:00,-0.014400000
1449068760,2015-12-02 10:06:00,-0.014550000
1449068820,2015-12-02 10:07:00,-0.014150000
1449068880,2015-12-02 10:08:00,-0.014450000
1449068940,2015-12-02 10:09:00,-0.014700000
1449069000,2015-12-02 10:10:00,-0.014683333
1449069060,2015-12-02 10:11:00,-0.014766667
1449069120,2015-12-02 10:12:00,-0.014933333
1449069180,2015-12-02 10:13:00,-0.014533333
1449069240,2015-12-02 10:14:00,-0.014983333
1449069300,2015-12-02 10:15:00,-0.014983333
1449069360,2015-12-02 10:16:00,-0.014950000
1449069420,2015-12-02 10:17:00,-0.014950000
1449069480,2015-12-02 10:18:00,-0.014900000
1449069540,2015-12-02 10:19:00,-0.014783333
1449069600,2015-12-02 10:20:00,-0.014783333
1449069660,2015-12-02 10:21:00,-0.014783333
1449069720,2015-12-02 10:22:00,-0.014900000
1449069780,2015-12-02 10:23:00,-0.014766667
1449069840,2015-12-02 10:24:00,-0.014550000
1449069900,2015-12-02 10:25:00,-0.014716667
1449069960,2015-12-02 10:26:00,-0.014766667
1449070020,2015-12-02 10:27:00,-0.014383333
1449070080,2015-12-02 10:28:00,-0.014300000
1449070140,2015-12-02 10:29:00,-0.014300000
1449070200,2015-12-02 10:30:00,-0.013750000
1449070260,2015-12-02 10:31:00,-0.014483333
1449070320,2015-12-02 10:32:00,-0.014450000
1449070380,2015-12-02 10:33:00,-0.014533333
1449070440,2015-12-02 10:34:00,-0.015483333
1449070500,2015-12-02 10:35:00,-0.015250000
1449070560,2015-12-02 10:36:00,-0.015350000
1449070620,2015-12-02 10:37:00,-0.015566667
1449070680,2015-12-02 10:38:00,-0.015900000
1449070740,2015-12-02 10:39:00,-0.015683333
1449070800,2015-12-02 10:40:00,-0.015566667
1449070860,2015-12-02 10:41:00,-0.015716667
1449070920,2015-12-02 10:42:00,-0.015600000
1449070980,2015-12-02 10:43:00,-0.015733333
1449071040,2015-12-02 10:44:00,-0.016783333
1449071100,2015-12-02 10:45:00,-0.015633333
1449071160,2015-12-02 10:46:00,-0.015900000
1449071220,2015-12-02 10:47:00,-0.015733333
1449071280,2015-12-02 10:48:00,-0.016066667
1449071340,2015-12-02 10:49:00,-0.015450000
1449071400,2015-12-02 10:50:00,-0.014800000
1449071460,2015-12-02 10:51:00,-0.014633333
1449071520,2015-12-02 10:52:00,-0.015166667
1449071580,2015-12-02 10:53:00,-0.015583333
1449071640,2015-12-02 10:54:00,-0.014833333
1449071700,2015-12-02 10:55:00,-0.011066667
1449071760,2015-12-02 10:56:00,-0.008616667
1449071820,2015-12-02 10:57:00,-0.006866667
1449071880,2015-12-02 10:58:00,-0.005083333
1449071940,2015-12-02 10:59:00,-0.001133333
1449072000,2015-12-02 11:00:00,0.003233333
1449072060,2015-12-02 11:01:00,0.008083333
1449072120,2015-12-02 11:02:00,0.011833333
1449072180,2015-12-02 11:03:00,0.016466667
1449072240,2015-12-02 11:04:00,0.020583333
1449072300,2015-12-02 11:05:00,0.027150000
1449072360,2015-12-02 11:06:00,0.034600000
1449072420,2015-12-02 11:07:00,0.037683333
1449072480,2015-12-02 11:08:00,0.038600000
1449072540,2015-12-02 11:09:00,0.042133333
1449072600,2015-12-02 11:10:00,0.049500000
1449072660,2015-12-02 11:11:00,0.056416667
1449072720,2015-12-02 11:12:00,0.061100000
1449072780,2015-12-02 11:13:00,0.063366667
1449072840,2015-12-02 11:14:00,0.062566667
1449072900,2015-12-02 11:15:00,0.059633333
1449072960,2015-12-02 11:16:00,0.059633333
1449073020,2015-12-02 11:17:00,0.058966667
1449073080,2015-12-02 11:18:00,0.061183333
1449073140,2015-12-02 11:19:00,0.070183333
1449073200,2015-12-02 11:20:00,0.076266667
1449073260,2015-12-02 11:21:00,0.068666667
1449073320,2015-12-02 11:22:00,0.059916667
1449073380,2015-12-02 11:23:00,0.052366667
1449073440,2015-12-02 11:24:00,0.044783333
1449073500,2015-12-02 11:25:00,0.038216667
1449073560,2015-12-02 11:26:00,0.035766667
1449073620,2015-12-02 11:27:00,0.030200000
1449073680,2015-12-02 11:28:00,0.024633333
1449073740,2015-12-02 11:29:00,0.022150000
1449073800,2015-12-02 11:30:00,0.020066667
1449073860,2015-12-02 11:31:00,0.017916667
1449073920,2015-12-02 11:32:00,0.015750000
1449073980,2015-12-02 11:33:00,0.015150000
1449074040,2015-12-02 11:34:00,0.016500000
1449074100,2015-12-02 11:35:00,0.020950000
1449074160,2015-12-02 11:36:00,0.027483333
1449074220,2015-12-02 11:37:00,0.036866667
1449074280,2015-12-02 11:38:00,0.052500000
1449074340,2015-12-02 11:39:00,0.065600000
1449074400,2015-12-02 11:40:00,0.077100000
1449074460,2015-12-02 11:41:00,0.087616667
1449074520,2015-12-02 11:42:00,0.109483333
1449074580,2015-12-02 11:43:00,0.117816667
1449074640,2015-12-02 11:44:00,0.122050000
1449074700,2015-12-02 11:45:00,0.126800000
1449074760,2015-12-02 11:46:00,0.134183333
1449074820,2015-12-02 11:47:00,0.143250000
1449074880,2015-12-02 11:48:00,0.151050000
1449074940,2015-12-02 11:49:00,0.155583333
1449075000,2015-12-02 11:50:00,0.159083333
1449075060,2015-12-02 11:51:00,0.162083333
1449075120,2015-12-02 11:52:00,0.171500000
1449075180,2015-12-02 11:53:00,0.190350000
1449075240,2015-12-02 11:54:00,0.207733333
1449075300,2015-12-02 11:55:00,0.223733333
1449075360,2015-12-02 11:56:00,0.246083333
1449075420,2015-12-02 11:57:00,0.274166667
1449075480,2015-12-02 11:58:00,0.307050000
1449075540,2015-12-02 11:59:00,0.326216667
1449075600,2015-12-02 12:00:00,0.343850000
1449075660,2015-12-02 12:01:00,0.399600000
1449075720,2015-12-02 12:02:00,0.447750000
1449075780,2015-12-02 12:03:00,0.472016667
1449075840,2015-12-02 12:04:00,0.471650000
1449075900,2015-12-02 12:05:00,0.461133333
1449075960,2015-12-02 12:06:00,0.454716667
1449076020,2015-12-02 12:07:00,0.445766667
1449076080,2015-12-02 12:08:00,0.431466667
1449076140,2015-12-02 12:09:00,0.421683333
1449076200,2015-12-02 12:10:00,0.421400000
1449076260,2015-12-02 12:11:00,0.427916667
1449076320,2015-12-02 12:12:00,0.427366667
1449076380,2015-12-02 12:13:00,0.401566667
1449076440,2015-12-02 12:14:00,0.356900000
1449076500,2015-12-02 12:15:00,0.311700000
1449076560,2015-12-02 12:16:00,0.282733333
1449076620,2015-12-02 12:17:00,0.272466667
1449076680,2015-12-02 12:18:00,0.262633333
1449076740,2015-12-02 12:19:00,0.253933333
1449076800,2015-12-02 12:20:00,0.253550000
1449076860,2015-12-02 12:21:00,0.261666667
1449076920,2015-12-02 12:22:00,0.283033333
1449076980,2015-12-02 12:23:00,0.291200000
1449077040,2015-12-02 12:24:00,0.288400000
1449077100,2015-12-02 12:25:00,0.296450000
1449077160,2015-12-02 12:26:00,0.320050000
1449077220,2015-12-02 12:27:00,0.364400000
1449077280,2015-12-02 12:28:00,0.415033333
1449077340,2015-12-02 12:29:00,0.450566667
1449077400,2015-12-02 12:30:00,0.464066667
1449077460,2015-12-02 12:31:00,0.461033333
1449077520,2015-12-02 12:32:00,0.427283333
1449077580,2015-12-02 12:33:00,0.349250000
1449077640,2015-12-02 12:34:00,0.268816667
1449077700,2015-12-02 12:35:00,0.195733333
1449077760,2015-12-02 12:36:00,0.145616667
1449077820,2015-12-02 12:37:00,0.124283333
1449077880,2015-12-02 12:38:00,0.121933333
1449077940,2015-12-02 12:39:00,0.141266667
1449078000,2015-12-02 12:40:00,0.167000000
1449078060,2015-12-02 12:41:00,0.162983333
1449078120,2015-12-02 12:42:00,0.196083333
1449078180,2015-12-02 12:43:00,0.309550000
1449078240,2015-12-02 12:44:00,0.411083333
1449078300,2015-12-02 12:45:00,0.451550000
1449078360,2015-12-02 12:46:00,0.512066667
1449078420,2015-12-02 12:47:00,0.567833333
1449078480,2015-12-02 12:48:00,0.631216667
1449078540,2015-12-02 12:49:00,0.719533333
1449078600,2015-12-02 12:50:00,0.825133333
1449078660,2015-12-02 12:51:00,0.875566667
1449078720,2015-12-02 12:52:00,0.885683333
1449078780,2015-12-02 12:53:00,0.844800000
1449078840,2015-12-02 12:54:00,0.706516667
1449078900,2015-12-02 12:55:00,0.591983333
1449078960,2015-12-02 12:56:00,0.564383333
1449079020,2015-12-02 12:57:00,0.594616667
1449079080,2015-12-02 12:58:00,0.614450000
1449079140,2015-12-02 12:59:00,0.639750000
1449079200,2015-12-02 13:00:00,0.636583333
1449079260,2015-12-02 13:01:00,0.501750000
1449079320,2015-12-02 13:02:00,0.393850000
1449079380,2015-12-02 13:03:00,0.436400000
1449079440,2015-12-02 13:04:00,0.615966667
1449079500,2015-12-02 13:05:00,0.718650000
1449079560,2015-12-02 13:06:00,0.634916667
1449079620,2015-12-02 13:07:00,0.504766667
1449079680,2015-12-02 13:08:00,0.411850000
1449079740,2015-12-02 13:09:00,0.388866667
1449079800,2015-12-02 13:10:00,0.491083333
1449079860,2015-12-02 13:11:00,0.664050000
1449079920,2015-12-02 13:12:00,0.850783333
1449079980,2015-12-02 13:13:00,1.015616667
1449080040,2015-12-02 13:14:00,1.123516667
1449080100,2015-12-02 13:15:00,1.112816667
1449080160,2015-12-02 13:16:00,0.898633333
1449080220,2015-12-02 13:17:00,0.926333333
1449080280,2015-12-02 13:18:00,1.012116667
1449080340,2015-12-02 13:19:00,0.817633333
1449080400,2015-12-02 13:20:00,0.610050000
1449080460,2015-12-02 13:21:00,0.585416667
1449080520,2015-12-02 13:22:00,0.614433333
1449080580,2015-12-02 13:23:00,0.623200000
1449080640,2015-12-02 13:24:00,0.627983333
1449080700,2015-12-02 13:25:00,0.653800000
1449080760,2015-12-02 13:26:00,0.653566667
1449080820,2015-12-02 13:27:00,0.694600000
1449080880,2015-12-02 13:28:00,0.763166667
1449080940,2015-12-02 13:29:00,0.757233333
1449081000,2015-12-02 13:30:00,0.729516667
1449081060,2015-12-02 13:31:00,0.672250000
1449081120,2015-12-02 13:32:00,0.649783333
1449081180,2015-12-02 13:33:00,0.677366667
1449081240,2015-12-02 13:34:00,0.801550000
1449081300,2015-12-02 13:35:00,0.870416667
1449081360,2015-12-02 13:36:00,0.853266667
1449081420,2015-12-02 13:37:00,0.778366667
1449081480,2015-12-02 13:38:00,0.655700000
1449081540,2015-12-02 13:39:00,0.557233333
1449081600,2015-12-02 13:40:00,0.511850000
1449081660,2015-12-02 13:41:00,0.464483333
1449081720,2015-12-02 13:42:00,0.396900000
1449081780,2015-12-02 13:43:00,0.330916667
1449081840,2015-12-02 13:44:00,0.313816667
1449081900,2015-12-02 13:45:00,0.333816667
1449081960,2015-12-02 13:46:00,0.374583333
1449082020,2015-12-02 13:47:00,0.408333333
1449082080,2015-12-02 13:48:00,0.441500000
1449082140,2015-12-02 13:49:00,0.549633333
1449082200,2015-12-02 13:50:00,0.617166667
1449082260,2015-12-02 13:51:00,0.613533333
1449082320,2015-12-02 13:52:00,0.651666667
1449082380,2015-12-02 13:53:00,0.721816667
1449082440,2015-12-02 13:54:00,0.753083333
1449082500,2015-12-02 13:55:00,0.780416667
1449082560,2015-12-02 13:56:00,0.870033333
1449082620,2015-12-02 13:57:00,0.922600000
1449082680,2015-12-02 13:58:00,1.021283333
1449082740,2015-12-02 13:59:00,1.125200000
1449082800,2015-12-02 14:00:00,1.185433333
1449082860,2015-12-02 14:01:00,1.165266667
1449082920,2015-12-02 14:02:00,1.080483333
1449082980,2015-12-02 14:03:00,0.966850000
1449083040,2015-12-02 14:04:00,0.852083333
1449083100,2015-12-02 14:05:00,0.835100000
1449083160,2015-12-02 14:06:00,0.858083333
1449083220,2015-12-02 14:07:00,0.935916667
1449083280,2015-12-02 14:08:00,0.955733333
1449083340,2015-12-02 14:09:00,0.869666667
1449083400,2015-12-02 14:10:00,0.753033333
1449083460,2015-12-02 14:11:00,0.657400000
1449083520,2015-12-02 14:12:00,0.616566667
1449083580,2015-12-02 14:13:00,0.631483333
1449083640,2015-12-02 14:14:00,0.681633333
1449083700,2015-12-02 14:15:00,0.725666667
1449083760,2015-12-02 14:16:00,0.814083333
1449083820,2015-12-02 14:17:00,0.898950000
1449083880,2015-12-02 14:18:00,0.991833333
1449083940,2015-12-02 14:19:00,1.054066667
1449084000,2015-12-02 14:20:00,1.249633333
1449084060,2015-12-02 14:21:00,1.253316667
1449084120,2015-12-02 14:22:00,1.028650000
1449084180,2015-12-02 14:23:00,0.948050000
1449084240,2015-12-02 14:24:00,0.847183333
1449084300,2015-12-02 14:25:00,0.833133333
1449084360,2015-12-02 14:26:00,0.753183333
1449084420,2015-12-02 14:27:00,0.683533333
1449084480,2015-12-02 14:28:00,0.668316667
1449084540,2015-12-02 14:29:00,0.665216667
1449084600,2015-12-02 14:30:00,0.692316667
1449084660,2015-12-02 14:31:00,0.720750000
1449084720,2015-12-02 14:32:00,0.721983333
1449084780,2015-12-02 14:33:00,0.707733333
1449084840,2015-12-02 14:34:00,0.685683333
1449084900,2015-12-02 14:35:00,0.653350000
1449084960,2015-12-02 14:36:00,0.619933333
1449085020,2015-12-02 14:37:00,0.627816667
1449085080,2015-12-02 14:38:00,0.670900000
1449085140,2015-12-02 14:39:00,0.777650000
1449085200,2015-12-02 14:40:00,0.966383333
1449085260,2015-12-02 14:41:00,1.075433333
1449085320,2015-12-02 14:42:00,1.174566667
1449085380,2015-12-02 14:43:00,1.218583333
1449085440,2015-12-02 14:44:00,1.163050000
1449085500,2015-12-02 14:45:00,1.073533333
1449085560,2015-12-02 14:46:00,1.051033333
1449085620,2015-12-02 14:47:00,1.028766667
1449085680,2015-12-02 14:48:00,1.040500000
1449085740,2015-12-02 14:49:00,1.045650000
1449085800,2015-12-02 14:50:00,0.949483333
1449085860,2015-12-02 14:51:00,0.829116667
1449085920,2015-12-02 14:52:00,0.753683333
1449085980,2015-12-02 14:53:00,0.728516667
1449086040,2015-12-02 14:54:00,0.734666667
1449086100,2015-12-02 14:55:00,0.765350000
1449086160,2015-12-02 14:56:00,0.765250000
1449086220,2015-12-02 14:57:00,0.659916667
1449086280,2015-12-02 14:58:00,0.551466667
1449086340,2015-12-02 14:59:00,0.505533333
1449086400,2015-12-02 15:00:00,0.481383333
1449086460,2015-12-02 15:01:00,0.448550000
1449086520,2015-12-02 15:02:00,0.416883333
1449086580,2015-12-02 15:03:00,0.393116667
1449086640,2015-12-02 15:04:00,0.381500000
1449086700,2015-12-02 15:05:00,0.380183333
1449086760,2015-12-02 15:06:00,0.384666667
1449086820,2015-12-02 15:07:00,0.386383333
1449086880,2015-12-02 15:08:00,0.385066667
1449086940,2015-12-02 15:09:00,0.382416667
1449087000,2015-12-02 15:10:00,0.380283333
1449087060,2015-12-02 15:11:00,0.374250000
1449087120,2015-12-02 15:12:00,0.356050000
1449087180,2015-12-02 15:13:00,0.341350000
1449087240,2015-12-02 15:14:00,0.342116667
1449087300,2015-12-02 15:15:00,0.366066667
1449087360,2015-12-02 15:16:00,0.404783333
1449087420,2015-12-02 15:17:00,0.439300000
1449087480,2015-12-02 15:18:00,0.478983333
1449087540,2015-12-02 15:19:00,0.528000000
1449087600,2015-12-02 15:20:00,0.576816667
1449087660,2015-12-02 15:21:00,0.600883333
1449087720,2015-12-02 15:22:00,0.580533333
1449087780,2015-12-02 15:23:00,0.579350000
1449087840,2015-12-02 15:24:00,0.618400000
1449087900,2015-12-02 15:25:00,0.645683333
1449087960,2015-12-02 15:26:00,0.650366667
1449088020,2015-12-02 15:27:00,0.652466667
1449088080,2015-12-02 15:28:00,0.661500000
1449088140,2015-12-02 15:29:00,0.668033333
1449088200,2015-12-02 15:30:00,0.671966667
1449088260,2015-12-02 15:31:00,0.684166667
1449088320,2015-12-02 15:32:00,0.698766667
1449088380,2015-12-02 15:33:00,0.706033333
1449088440,2015-12-02 15:34:00,0.710966667
1449088500,2015-12-02 15:35:00,0.720716667
1449088560,2015-12-02 15:36:00,0.746616667
1449088620,2015-12-02 15:37:00,0.775366667
1449088680,2015-12-02 15:38:00,0.786000000
1449088740,2015-12-02 15:39:00,0.790416667
1449088800,2015-12-02 15:40:00,0.782483333
1449088860,2015-12-02 15:41:00,0.751766667
1449088920,2015-12-02 15:42:00,0.685266667
1449088980,2015-12-02 15:43:00,0.625866667
1449089040,2015-12-02 15:44:00,0.629416667
1449089100,2015-12-02 15:45:00,0.629750000
1449089160,2015-12-02 15:46:00,0.613283333
1449089220,2015-12-02 15:47:00,0.564433333
1449089280,2015-12-02 15:48:00,0.541850000
1449089340,2015-12-02 15:49:00,0.523216667
1449089400,2015-12-02 15:50:00,0.487683333
1449089460,2015-12-02 15:51:00,0.464933333
1449089520,2015-12-02 15:52:00,0.470700000
1449089580,2015-12-02 15:53:00,0.474016667
1449089640,2015-12-02 15:54:00,0.433216667
1449089700,2015-12-02 15:55:00,0.389000000
1449089760,2015-12-02 15:56:00,0.353066667
1449089820,2015-12-02 15:57:00,0.335633333
1449089880,2015-12-02 15:58:00,0.336966667
1449089940,2015-12-02 15:59:00,0.358283333
1449090000,2015-12-02 16:00:00,0.393100000
1449090060,2015-12-02 16:01:00,0.434700000
1449090120,2015-12-02 16:02:00,0.457933333
1449090180,2015-12-02 16:03:00,0.462050000
1449090240,2015-12-02 16:04:00,0.477200000
1449090300,2015-12-02 16:05:00,0.513300000
1449090360,2015-12-02 16:06:00,0.528300000
1449090420,2015-12-02 16:07:00,0.525166667
1449090480,2015-12-02 16:08:00,0.519550000
1449090540,2015-12-02 16:09:00,0.517133333
1449090600,2015-12-02 16:10:00,0.519533333
1449090660,2015-12-02 16:11:00,0.535733333
1449090720,2015-12-02 16:12:00,0.566500000
1449090780,2015-12-02 16:13:00,0.606016667
1449090840,2015-12-02 16:14:00,0.625433333
1449090900,2015-12-02 16:15:00,0.627116667
1449090960,2015-12-02 16:16:00,0.622800000
1449091020,2015-12-02 16:17:00,0.606166667
1449091080,2015-12-02 16:18:00,0.582650000
1449091140,2015-12-02 16:19:00,0.574016667
1449091200,2015-12-02 16:20:00,0.565000000
1449091260,2015-12-02 16:21:00,0.548150000
1449091320,2015-12-02 16:22:00,0.506683333
1449091380,2015-12-02 16:23:00,0.448416667
1449091440,2015-12-02 16:24:00,0.412566667
1449091500,2015-12-02 16:25:00,0.381183333
1449091560,2015-12-02 16:26:00,0.375383333
1449091620,2015-12-02 16:27:00,0.379900000
1449091680,2015-12-02 16:28:00,0.390783333
1449091740,2015-12-02 16:29:00,0.422600000
1449091800,2015-12-02 16:30:00,0.460783333
1449091860,2015-12-02 16:31:00,0.502433333
1449091920,2015-12-02 16:32:00,0.529966667
1449091980,2015-12-02 16:33:00,0.556166667
1449092040,2015-12-02 16:34:00,0.586500000
1449092100,2015-12-02 16:35:00,0.593650000
1449092160,2015-12-02 16:36:00,0.563600000
1449092220,2015-12-02 16:37:00,0.556016667
1449092280,2015-12-02 16:38:00,0.556283333
1449092340,2015-12-02 16:39:00,0.541483333
1449092400,2015-12-02 16:40:00,0.507133333
1449092460,2015-12-02 16:41:00,0.474233333
1449092520,2015-12-02 16:42:00,0.434666667
1449092580,2015-12-02 16:43:00,0.404483333
1449092640,2015-12-02 16:44:00,0.391750000
1449092700,2015-12-02 16:45:00,0.402266667
1449092760,2015-12-02 16:46:00,0.431833333
1449092820,2015-12-02 16:47:00,0.461366667
1449092880,2015-12-02 16:48:00,0.489366667
1449092940,2015-12-02 16:49:00,0.499833333
1449093000,2015-12-02 16:50:00,0.477766667
1449093060,2015-12-02 16:51:00,0.444133333
1449093120,2015-12-02 16:52:00,0.429183333
1449093180,2015-12-02 16:53:00,0.415550000
1449093240,2015-12-02 16:54:00,0.403650000
1449093300,2015-12-02 16:55:00,0.395366667
1449093360,2015-12-02 16:56:00,0.394033333
1449093420,2015-12-02 16:57:00,0.401966667
1449093480,2015-12-02 16:58:00,0.412166667
1449093540,2015-12-02 16:59:00,0.425533333
1449093600,2015-12-02 17:00:00,0.477716667
1449093660,2015-12-02 17:01:00,0.519183333
1449093720,2015-12-02 17:02:00,0.545933333
1449093780,2015-12-02 17:03:00,0.576183333
1449093840,2015-12-02 17:04:00,0.600133333
1449093900,2015-12-02 17:05:00,0.599150000
1449093960,2015-12-02 17:06:00,0.571616667
1449094020,2015-12-02 17:07:00,0.543416667
1449094080,2015-12-02 17:08:00,0.524200000
1449094140,2015-12-02 17:09:00,0.511583333
1449094200,2015-12-02 17:10:00,0.495016667
1449094260,2015-12-02 17:11:00,0.469100000
1449094320,2015-12-02 17:12:00,0.440666667
1449094380,2015-12-02 17:13:00,0.411733333
1449094440,2015-12-02 17:14:00,0.373900000
1449094500,2015-12-02 17:15:00,0.338766667
1449094560,2015-12-02 17:16:00,0.313316667
1449094620,2015-12-02 17:17:00,0.307683333
1449094680,2015-12-02 17:18:00,0.307533333
1449094740,2015-12-02 17:19:00,0.297433333
1449094800,2015-12-02 17:20:00,0.278783333
1449094860,2015-12-02 17:21:00,0.255400000
1449094920,2015-12-02 17:22:00,0.238600000
1449094980,2015-12-02 17:23:00,0.233833333
1449095040,2015-12-02 17:24:00,0.240683333
1449095100,2015-12-02 17:25:00,0.252033333
1449095160,2015-12-02 17:26:00,0.251683333
1449095220,2015-12-02 17:27:00,0.243583333
1449095280,2015-12-02 17:28:00,0.241733333
1449095340,2015-12-02 17:29:00,0.241616667
1449095400,2015-12-02 17:30:00,0.231500000
1449095460,2015-12-02 17:31:00,0.219233333
1449095520,2015-12-02 17:32:00,0.217616667
1449095580,2015-12-02 17:33:00,0.225866667
1449095640,2015-12-02 17:34:00,0.228533333
1449095700,2015-12-02 17:35:00,0.221900000
1449095760,2015-12-02 17:36:00,0.201950000
1449095820,2015-12-02 17:37:00,0.182883333
1449095880,2015-12-02 17:38:00,0.170016667
1449095940,2015-12-02 17:39:00,0.161616667
1449096000,2015-12-02 17:40:00,0.157366667
1449096060,2015-12-02 17:41:00,0.150016667
1449096120,2015-12-02 17:42:00,0.142750000
1449096180,2015-12-02 17:43:00,0.138983333
1449096240,2015-12-02 17:44:00,0.137416667
1449096300,2015-12-02 17:45:00,0.133750000
1449096360,2015-12-02 17:46:00,0.126866667
1449096420,2015-12-02 17:47:00,0.122033333
1449096480,2015-12-02 17:48:00,0.125866667
1449096540,2015-12-02 17:49:00,0.139983333
1449096600,2015-12-02 17:50:00,0.157150000
1449096660,2015-12-02 17:51:00,0.167733333
1449096720,2015-12-02 17:52:00,0.168466667
1449096780,2015-12-02 17:53:00,0.159383333
1449096840,2015-12-02 17:54:00,0.150100000
1449096900,2015-12-02 17:55:00,0.151600000
1449096960,2015-12-02 17:56:00,0.155283333
1449097020,2015-12-02 17:57:00,0.157050000
1449097080,2015-12-02 17:58:00,0.156483333
1449097140,2015-12-02 17:59:00,0.150950000
1449097200,2015-12-02 18:00:00,0.139333333
1449097260,2015-12-02 18:01:00,0.120800000
1449097320,2015-12-02 18:02:00,0.101650000
1449097380,2015-12-02 18:03:00,0.090916667
1449097440,2015-12-02 18:04:00,0.086500000
1449097500,2015-12-02 18:05:00,0.087966667
1449097560,2015-12-02 18:06:00,0.089333333
1449097620,2015-12-02 18:07:00,0.089966667
1449097680,2015-12-02 18:08:00,0.090516667
1449097740,2015-12-02 18:09:00,0.091300000
1449097800,2015-12-02 18:10:00,0.098633333
1449097860,2015-12-02 18:11:00,0.110333333
1449097920,2015-12-02 18:12:00,0.127783333
1449097980,2015-12-02 18:13:00,0.132883333
1449098040,2015-12-02 18:14:00,0.130600000
1449098100,2015-12-02 18:15:00,0.121283333
1449098160,2015-12-02 18:16:00,0.106816667
1449098220,2015-12-02 18:17:00,0.093633333
1449098280,2015-12-02 18:18:00,0.085766667
1449098340,2015-12-02 18:19:00,0.079000000
1449098400,2015-12-02 18:20:00,0.072816667
1449098460,2015-12-02 18:21:00,0.068616667
1449098520,2015-12-02 18:22:00,0.067183333
1449098580,2015-12-02 18:23:00,0.069100000
1449098640,2015-12-02 18:24:00,0.072483333
1449098700,2015-12-02 18:25:00,0.072700000
1449098760,2015-12-02 18:26:00,0.069933333
1449098820,2015-12-02 18:27:00,0.068133333
1449098880,2015-12-02 18:28:00,0.068266667
1449098940,2015-12-02 18:29:00,0.070083333
1449099000,2015-12-02 18:30:00,0.071366667
1449099060,2015-12-02 18:31:00,0.070733333
1449099120,2015-12-02 18:32:00,0.070066667
1449099180,2015-12-02 18:33:00,0.068500000
1449099240,2015-12-02 18:34:00,0.064866667
1449099300,2015-12-02 18:35:00,0.062533333
1449099360,2015-12-02 18:36:00,0.059650000
1449099420,2015-12-02 18:37:00,0.055416667
1449099480,2015-12-02 18:38:00,0.050800000
1449099540,2015-12-02 18:39:00,0.045616667
1449099600,2015-12-02 18:40:00,0.041666667
1449099660,2015-12-02 18:41:00,0.036016667
1449099720,2015-12-02 18:42:00,0.030033333
1449099780,2015-12-02 18:43:00,0.024000000
1449099840,2015-12-02 18:44:00,0.017950000
1449099900,2015-12-02 18:45:00,0.013800000
1449099960,2015-12-02 18:46:00,0.010233333
1449100020,2015-12-02 18:47:00,0.007833333
1449100080,2015-12-02 18:48:00,0.005333333
1449100140,2015-12-02 18:49:00,0.002016667
1449100200,2015-12-02 18:50:00,-0.002133333
1449100260,2015-12-02 18:51:00,-0.006016667
1449100320,2015-12-02 18:52:00,-0.008683333
1449100380,2015-12-02 18:53:00,-0.009666667
1449100440,2015-12-02 18:54:00,-0.009716667
1449100500,2015-12-02 18:55:00,-0.009583333
1449100560,2015-12-02 18:56:00,-0.007983333
1449100620,2015-12-02 18:57:00,-0.007800000
1449100680,2015-12-02 18:58:00,-0.007733333
1449100740,2015-12-02 18:59:00,-0.008516667
1449100800,2015-12-02 19:00:00,-0.009533333
1449100860,2015-12-02 19:01:00,-0.011766667
1449100920,2015-12-02 19:02:00,-0.013833333
1449100980,2015-12-02 19:03:00,-0.014450000
1449101040,2015-12-02 19:04:00,-0.014433333
1449101100,2015-12-02 19:05:00,-0.014350000
1449101160,2015-12-02 19:06:00,-0.014316667
1449101220,2015-12-02 19:07:00,-0.014300000
1449101280,2015-12-02 19:08:00,-0.014100000
1449101340,2015-12-02 19:09:00,-0.013966667
1449101400,2015-12-02 19:10:00,-0.013716667
1449101460,2015-12-02 19:11:00,-0.013683333
1449101520,2015-12-02 19:12:00,-0.013583333
1449101580,2015-12-02 19:13:00,-0.013600000
1449101640,2015-12-02 19:14:00,-0.013816667
1449101700,2015-12-02 19:15:00,-0.013900000
1449101760,2015-12-02 19:16:00,-0.013766667
1449101820,2015-12-02 19:17:00,-0.013800000
1449101880,2015-12-02 19:18:00,-0.013666667
1449101940,2015-12-02 19:19:00,-0.013733333
1449102000,2015-12-02 19:20:00,-0.013950000
1449102060,2015-12-02 19:21:00,-0.014233333
1449102120,2015-12-02 19:22:00,-0.014516667
1449102180,2015-12-02 19:23:00,-0.014450000
1449102240,2015-12-02 19:24:00,-0.014283333
1449102300,2015-12-02 19:25:00,-0.014050000
1449102360,2015-12-02 19:26:00,-0.014416667
1449102420,2015-12-02 19:27:00,-0.014400000
1449102480,2015-12-02 19:28:00,-0.014350000
1449102540,2015-12-02 19:29:00,-0.014466667
1449102600,2015-12-02 19:30:00,-0.013900000
1449102660,2015-12-02 19:31:00,-0.013850000
1449102720,2015-12-02 19:32:00,-0.013833333
1449102780,2015-12-02 19:33:00,-0.013866667
1449102840,2015-12-02 19:34:00,-0.013800000
1449102900,2015-12-02 19:35:00,-0.013716667
1449102960,2015-12-02 19:36:00,-0.013800000
1449103020,2015-12-02 19:37:00,-0.013683333
1449103080,2015-12-02 19:38:00,-0.013616667
1449103140,2015-12-02 19:39:00,-0.013416667
1449103200,2015-12-02 19:40:00,-0.013350000
1449103260,2015-12-02 19:41:00,-0.013450000
1449103320,2015-12-02 19:42:00,-0.013500000
1449103380,2015-12-02 19:43:00,-0.013550000
1449103440,2015-12-02 19:44:00,-0.013700000
1449103500,2015-12-02 19:45:00,-0.013516667
1449103560,2015-12-02 19:46:00,-0.013416667
1449103620,2015-12-02 19:47:00,-0.013550000
1449103680,2015-12-02 19:48:00,-0.013633333
1449103740,2015-12-02 19:49:00,-0.013600000
1449103800,2015-12-02 19:50:00,-0.013783333
1449103860,2015-12-02 19:51:00,-0.013850000
1449103920,2015-12-02 19:52:00,-0.013850000
1449103980,2015-12-02 19:53:00,-0.013766667
1449104040,2015-12-02 19:54:00,-0.013683333
1449104100,2015-12-02 19:55:00,-0.013700000
1449104160,2015-12-02 19:56:00,-0.014150000
1449104220,2015-12-02 19:57:00,-0.014216667
1449104280,2015-12-02 19:58:00,-0.014200000
1449104340,2015-12-02 19:59:00,-0.014200000
1449104400,2015-12-02 20:00:00,-0.013966667
1449104460,2015-12-02 20:01:00,-0.013766667
1449104520,2015-12-02 20:02:00,-0.013766667
1449104580,2015-12-02 20:03:00,-0.013850000
1449104640,2015-12-02 20:04:00,-0.013933333
1449104700,2015-12-02 20:05:00,-0.013966667
1449104760,2015-12-02 20:06:00,-0.013983333
1449104820,2015-12-02 20:07:00,-0.014016667
1449104880,2015-12-02 20:08:00,-0.013833333
1449104940,2015-12-02 20:09:00,-0.013400000
1449105000,2015-12-02 20:10:00,-0.013266667
1449105060,2015-12-02 20:11:00,-0.013383333
1449105120,2015-12-02 20:12:00,-0.013283333
1449105180,2015-12-02 20:13:00,-0.013516667
1449105240,2015-12-02 20:14:00,-0.013666667
1449105300,2015-12-02 20:15:00,-0.013750000
1449105360,2015-12-02 20:16:00,-0.013833333
1449105420,2015-12-02 20:17:00,-0.013766667
1449105480,2015-12-02 20:18:00,-0.013750000
1449105540,2015-12-02 20:19:00,-0.013750000
1449105600,2015-12-02 20:20:00,-0.013900000
1449105660,2015-12-02 20:21:00,-0.013983333
1449105720,2015-12-02 20:22:00,-0.013950000
1449105780,2015-12-02 20:23:00,-0.013983333
1449105840,2015-12-02 20:24:00,-0.013950000
1449105900,2015-12-02 20:25:00,-0.013900000
1449105960,2015-12-02 20:26:00,-0.014033333
1449106020,2015-12-02 20:27:00,-0.014333333
1449106080,2015-12-02 20:28:00,-0.014266667
1449106140,2015-12-02 20:29:00,-0.014283333
1449106200,2015-12-02 20:30:00,-0.014116667
1449106260,2015-12-02 20:31:00,-0.013750000
1449106320,2015-12-02 20:32:00,-0.013633333
1449106380,2015-12-02 20:33:00,-0.013833333
1449106440,2015-12-02 20:34:00,-0.013816667
1449106500,2015-12-02 20:35:00,-0.013800000
1449106560,2015-12-02 20:36:00,-0.013850000
1449106620,2015-12-02 20:37:00,-0.013900000
1449106680,2015-12-02 20:38:00,-0.013966667
1449106740,2015-12-02 20:39:00,-0.013400000
1449106800,2015-12-02 20:40:00,-0.013433333
1449106860,2015-12-02 20:41:00,-0.013416667
1449106920,2015-12-02 20:42:00,-0.013416667
1449106980,2015-12-02 20:43:00,-0.013650000
1449107040,2015-12-02 20:44:00,-0.013716667
1449107100,2015-12-02 20:45:00,-0.013733333
1449107160,2015-12-02 20:46:00,-0.013766667
1449107220,2015-12-02 20:47:00,-0.013800000
1449107280,2015-12-02 20:48:00,-0.013716667
1449107340,2015-12-02 20:49:00,-0.013716667
1449107400,2015-12-02 20:50:00,-0.013950000
1449107460,2015-12-02 20:51:00,-0.013983333
1449107520,2015-12-02 20:52:00,-0.014050000
1449107580,2015-12-02 20:53:00,-0.013350000
1449107640,2015-12-02 20:54:00,-0.013133333
1449107700,2015-12-02 20:55:00,-0.013066667
1449107760,2015-12-02 20:56:00,-0.013083333
1449107820,2015-12-02 20:57:00,-0.013466667
1449107880,2015-12-02 20:58:00,-0.013433333
1449107940,2015-12-02 20:59:00,-0.013333333
1449108000,2015-12-02 21:00:00,-0.013316667
1449108060,2015-12-02 21:01:00,-0.012866667
1449108120,2015-12-02 21:02:00,-0.012850000
1449108180,2015-12-02 21:03:00,-0.012816667
1449108240,2015-12-02 21:04:00,-0.012916667
1449108300,2015-12-02 21:05:00,-0.013016667
1449108360,2015-12-02 21:06:00,-0.013016667
1449108420,2015-12-02 21:07:00,-0.013066667
1449108480,2015-12-02 21:08:00,-0.013050000
1449108540,2015-12-02 21:09:00,-0.012366667
1449108600,2015-12-02 21:10:00,-0.012250000
1449108660,2015-12-02 21:11:00,-0.012216667
1449108720,2015-12-02 21:12:00,-0.012183333
1449108780,2015-12-02 21:13:00,-0.012316667
1449108840,2015-12-02 21:14:00,-0.012450000
1449108900,2015-12-02 21:15:00,-0.012433333
1449108960,2015-12-02 21:16:00,-0.012433333
1449109020,2015-12-02 21:17:00,-0.012466667
1449109080,2015-12-02 21:18:00,-0.012533333
1449109140,2015-12-02 21:19:00,-0.012500000
1449109200,2015-12-02 21:20:00,-0.012750000
1449109260,2015-12-02 21:21:00,-0.012833333
1449109320,2015-12-02 21:22:00,-0.012833333
1449109380,2015-12-02 21:23:00,-0.012816667
1449109440,2015-12-02 21:24:00,-0.012816667
1449109500,2015-12-02 21:25:00,-0.012816667
1449109560,2015-12-02 21:26:00,-0.012733333
1449109620,2015-12-02 21:27:00,-0.013033333
1449109680,2015-12-02 21:28:00,-0.013233333
1449109740,2015-12-02 21:29:00,-0.013233333
1449109800,2015-12-02 21:30:00,-0.013266667
